[
  {
    "heaterName": "hvac-front-1",
    "hostName": "s9hvac1",
    "type": "standard",
    "location": "Basement",
    "ipAddress": "192.168.24.201",
    "limitPower": false
  },
  {
    "heaterName": "hvac-front-2",
    "hostName": "s9hvac2",
    "type": "standard",
    "location": "Basement",
    "ipAddress": "192.168.24.202",
    "limitPower": false
  },
  {
    "heaterName": "hvac-back-1",
    "hostName": "s9hvac3",
    "type": "standard",
    "location": "Basement",
    "ipAddress": "192.168.24.216",
    "limitPower": false
  },
  {
    "heaterName": "hvac-back-2",
    "hostName": "s9hvac4",
    "type": "standard",
    "location": "Basement",
    "ipAddress": "192.168.24.218",
    "limitPower": false
  },
  {
    "heaterName": "room-aiden",
    "hostName": "s9abd",
    "type": "quiet",
    "location": "Aiden's Bedroom",
    "ipAddress": "192.168.24.214",
    "limitPower": true
  },
  {
    "heaterName": "room-madison",
    "hostName": "s9mld",
    "type": "quiet",
    "location": "Madison's Bedroom",
    "ipAddress": "192.168.24.217",
    "limitPower": true
  },
  {
    "heaterName": "room-mbr",
    "hostName": "s9mbr",
    "type": "quiet",
    "location": "Master Bedroom",
    "ipAddress": "192.168.24.61",
    "limitPower": false
  },
  {
    "heaterName": "room-lr",
    "hostName": "s9lr",
    "type": "quiet",
    "location": "Living Room",
    "ipAddress": "192.168.24.215",
    "limitPower": false
  },
  {
    "heaterName": "room-basement1",
    "hostName": "s9b1",
    "type": "standard",
    "location": "Basement",
    "ipAddress": "192.168.24.206",
    "limitPower": false
  },
  {
    "heaterName": "room-basement2",
    "hostName": "s9b2",
    "type": "standard",
    "location": "Basement",
    "ipAddress": "192.168.24.207",
    "limitPower": false
  }
]